State,All ages - Largest racial or ethnic group - Group,All ages - Largest racial or ethnic group - Number,All ages - Largest racial or ethnic group - Percent,All ages - Second largest racial or ethnic group - Group,All ages - Second largest racial or ethnic group - Number,All ages - Second largest racial or ethnic group - Percent,Under 5 years - Largest racial or ethnic group - Group,Under 5 years - Largest racial or ethnic group - Number,Under 5 years - Largest racial or ethnic group - Percent,Under 5 years - Second largest racial or ethnic group - Group,Under 5 years - Second largest racial or ethnic group - Number,Under 5 years - Second largest racial or ethnic group - Percent,5 to 17 years - Largest racial or ethnic group - Group,5 to 17 years - Largest racial or ethnic group - Number,5 to 17 years - Largest racial or ethnic group - Percent,5 to 17 years - Second largest racial or ethnic group - Group,5 to 17 years - Second largest racial or ethnic group - Number,5 to 17 years - Second largest racial or ethnic group - Percent,18 to 24 years - Largest racial or ethnic group - Group,18 to 24 years - Largest racial or ethnic group - Number,18 to 24 years - Largest racial or ethnic group - Percent,18 to 24 years - Second largest racial or ethnic group - Group,18 to 24 years - Second largest racial or ethnic group - Number,18 to 24 years - Second largest racial or ethnic group - Percent,25 to 34 years - Largest racial or ethnic group - Group,25 to 34 years - Largest racial or ethnic group - Number,25 to 34 years - Largest racial or ethnic group - Percent,25 to 34 years - Second largest racial or ethnic group - Group,25 to 34 years - Second largest racial or ethnic group - Number,25 to 34 years - Second largest racial or ethnic group - Percent,35 to 44 years - Largest racial or ethnic group - Group,35 to 44 years - Largest racial or ethnic group - Number,35 to 44 years - Largest racial or ethnic group - Percent,35 to 44 years - Second largest racial or ethnic group - Group,35 to 44 years - Second largest racial or ethnic group - Number,35 to 44 years - Second largest racial or ethnic group - Percent,45 to 64 years - Largest racial or ethnic group - Group,45 to 64 years - Largest racial or ethnic group - Number,45 to 64 years - Largest racial or ethnic group - Percent,45 to 64 years - Second largest racial or ethnic group - Group,45 to 64 years - Second largest racial or ethnic group - Number,45 to 64 years - Second largest racial or ethnic group - Percent,65 to 84 years - Largest racial or ethnic group - Group,65 to 84 years - Largest racial or ethnic group - Number,65 to 84 years - Largest racial or ethnic group - Percent,65 to 84 years - Second largest racial or ethnic group - Group,65 to 84 years - Second largest racial or ethnic group - Number,65 to 84 years - Second largest racial or ethnic group - Percent,85 to 99 years - Largest racial or ethnic group - Group,85 to 99 years - Largest racial or ethnic group - Number,85 to 99 years - Largest racial or ethnic group - Percent,85 to 99 years - Second largest racial or ethnic group - Group,85 to 99 years - Second largest racial or ethnic group - Number,85 to 99 years - Second largest racial or ethnic group - Percent,100 years and over - Largest racial or ethnic group - Group,100 years and over - Largest racial or ethnic group - Number,100 years and over - Largest racial or ethnic group - Percent,100 years and over - Second largest racial or ethnic group - Group,100 years and over - Second largest racial or ethnic group - Number,100 years and over - Second largest racial or ethnic group - Percent
Alabama,"White alone, not Hispanic or Latino","3,171,351",63.1,"Black or African American alone, not Hispanic or Latino","1,288,159",25.6,"White alone, not Hispanic or Latino","154,076",53.8,"Black or African American alone, not Hispanic or Latino","81,926",28.6,"White alone, not Hispanic or Latino","452,731",55.2,"Black or African American alone, not Hispanic or Latino","229,501",28.0,"White alone, not Hispanic or Latino","281,853",57.3,"Black or African American alone, not Hispanic or Latino","141,537",28.8,"White alone, not Hispanic or Latino","370,365",59.2,"Black or African American alone, not Hispanic or Latino","174,325",27.9,"White alone, not Hispanic or Latino","368,503",60.5,"Black or African American alone, not Hispanic or Latino","163,367",26.8,"White alone, not Hispanic or Latino","874,913",67.0,"Black or African American alone, not Hispanic or Latino","323,293",24.7,"White alone, not Hispanic or Latino","597,218",75.2,"Black or African American alone, not Hispanic or Latino","158,502",20.0,"White alone, not Hispanic or Latino","71,087",79.2,"Black or African American alone, not Hispanic or Latino","15,415",17.2,"White alone, not Hispanic or Latino",605,62.2,"Black or African American alone, not Hispanic or Latino",293,30.1
Alaska,"White alone, not Hispanic or Latino","421,758",57.5,"American Indian and Alaska Native alone, not Hispanic or Latino","108,838",14.8,"White alone, not Hispanic or Latino","21,301",44.3,"American Indian and Alaska Native alone, not Hispanic or Latino","8,890",18.5,"White alone, not Hispanic or Latino","59,877",45.6,"American Indian and Alaska Native alone, not Hispanic or Latino","24,931",19.0,"White alone, not Hispanic or Latino","33,082",48.6,"American Indian and Alaska Native alone, not Hispanic or Latino","11,159",16.4,"White alone, not Hispanic or Latino","62,070",55.4,"American Indian and Alaska Native alone, not Hispanic or Latino","16,589",14.8,"White alone, not Hispanic or Latino","59,240",60.2,"American Indian and Alaska Native alone, not Hispanic or Latino","13,115",13.3,"White alone, not Hispanic or Latino","117,003",64.9,"American Indian and Alaska Native alone, not Hispanic or Latino","23,244",12.9,"White alone, not Hispanic or Latino","64,448",72.7,"American Indian and Alaska Native alone, not Hispanic or Latino","10,184",11.5,"White alone, not Hispanic or Latino","4,673",72.7,"American Indian and Alaska Native alone, not Hispanic or Latino",725,11.3,"White alone, not Hispanic or Latino",64,68.1,Hispanic or Latino,11,11.7
Arizona,"White alone, not Hispanic or Latino","3,816,547",53.4,Hispanic or Latino,"2,192,253",30.7,Hispanic or Latino,"171,801",43.8,"White alone, not Hispanic or Latino","142,697",36.4,Hispanic or Latino,"530,835",43.6,"White alone, not Hispanic or Latino","455,756",37.4,"White alone, not Hispanic or Latino","281,202",41.6,Hispanic or Latino,"268,551",39.7,"White alone, not Hispanic or Latino","426,404",45.5,Hispanic or Latino,"333,035",35.6,"White alone, not Hispanic or Latino","424,890",49.1,Hispanic or Latino,"284,650",32.9,"White alone, not Hispanic or Latino","1,042,181",60.4,Hispanic or Latino,"428,410",24.8,"White alone, not Hispanic or Latino","934,400",77.6,Hispanic or Latino,"159,249",13.2,"White alone, not Hispanic or Latino","107,952",81.0,Hispanic or Latino,"15,553",11.7,"White alone, not Hispanic or Latino","1,065",77.2,Hispanic or Latino,169,12.2
Arkansas,"White alone, not Hispanic or Latino","2,063,550",68.5,"Black or African American alone, not Hispanic or Latino","449,884",14.9,"White alone, not Hispanic or Latino","102,901",57.3,"Black or African American alone, not Hispanic or Latino","31,131",17.3,"White alone, not Hispanic or Latino","306,877",59.1,"Black or African American alone, not Hispanic or Latino","87,518",16.8,"White alone, not Hispanic or Latino","174,312",61.8,"Black or African American alone, not Hispanic or Latino","48,840",17.3,"White alone, not Hispanic or Latino","244,203",64.4,"Black or African American alone, not Hispanic or Latino","61,308",16.2,"White alone, not Hispanic or Latino","245,957",66.3,"Black or African American alone, not Hispanic or Latino","58,446",15.7,"White alone, not Hispanic or Latino","549,358",73.2,"Black or African American alone, not Hispanic or Latino","107,820",14.4,"White alone, not Hispanic or Latino","391,988",82.7,"Black or African American alone, not Hispanic or Latino","50,246",10.6,"White alone, not Hispanic or Latino","47,515",87.4,"Black or African American alone, not Hispanic or Latino","4,480",8.2,"White alone, not Hispanic or Latino",439,73.9,"Black or African American alone, not Hispanic or Latino",95,16.0
California,Hispanic or Latino,"15,579,652",39.4,"White alone, not Hispanic or Latino","13,714,587",34.7,Hispanic or Latino,"1,076,144",50.3,"White alone, not Hispanic or Latino","509,639",23.8,Hispanic or Latino,"3,420,214",52.0,"White alone, not Hispanic or Latino","1,532,051",23.3,Hispanic or Latino,"1,860,642",48.8,"White alone, not Hispanic or Latino","978,434",25.7,Hispanic or Latino,"2,471,755",42.4,"White alone, not Hispanic or Latino","1,773,390",30.4,Hispanic or Latino,"2,156,654",40.5,"White alone, not Hispanic or Latino","1,717,217",32.2,"White alone, not Hispanic or Latino","3,908,402",39.7,Hispanic or Latino,"3,319,409",33.7,"White alone, not Hispanic or Latino","2,866,773",54.2,Hispanic or Latino,"1,139,714",21.5,"White alone, not Hispanic or Latino","422,588",59.2,Hispanic or Latino,"133,391",18.7,"White alone, not Hispanic or Latino","6,093",57.4,"Asian alone, not Hispanic or Latino","1,793",16.9
Colorado,"White alone, not Hispanic or Latino","3,760,663",65.1,Hispanic or Latino,"1,263,390",21.9,"White alone, not Hispanic or Latino","164,899",52.4,Hispanic or Latino,"97,267",30.9,"White alone, not Hispanic or Latino","500,100",52.7,Hispanic or Latino,"301,927",31.8,"White alone, not Hispanic or Latino","300,678",56.3,Hispanic or Latino,"153,449",28.7,"White alone, not Hispanic or Latino","567,294",63.3,Hispanic or Latino,"201,810",22.5,"White alone, not Hispanic or Latino","514,911",64.4,Hispanic or Latino,"175,573",22.0,"White alone, not Hispanic or Latino","1,005,042",71.2,Hispanic or Latino,"241,039",17.1,"White alone, not Hispanic or Latino","635,591",81.3,Hispanic or Latino,"83,586",10.7,"White alone, not Hispanic or Latino","71,387",83.2,Hispanic or Latino,"8,645",10.1,"White alone, not Hispanic or Latino",761,79.1,Hispanic or Latino,94,9.8
Connecticut,"White alone, not Hispanic or Latino","2,279,232",63.2,Hispanic or Latino,"623,293",17.3,"White alone, not Hispanic or Latino","84,565",47.8,Hispanic or Latino,"47,869",27.1,"White alone, not Hispanic or Latino","280,874",50.2,Hispanic or Latino,"144,729",25.8,"White alone, not Hispanic or Latino","185,548",55.4,Hispanic or Latino,"72,230",21.6,"White alone, not Hispanic or Latino","252,965",55.7,Hispanic or Latino,"97,067",21.4,"White alone, not Hispanic or Latino","246,293",56.4,Hispanic or Latino,"91,019",20.8,"White alone, not Hispanic or Latino","696,732",69.9,Hispanic or Latino,"126,862",12.7,"White alone, not Hispanic or Latino","455,241",81.4,Hispanic or Latino,"39,411",7.0,"White alone, not Hispanic or Latino","75,891",87.8,"Black or African American alone, not Hispanic or Latino","4,125",4.8,"White alone, not Hispanic or Latino","1,123",85.6,Hispanic or Latino,75,5.7
Delaware,"White alone, not Hispanic or Latino","579,851",58.6,"Black or African American alone, not Hispanic or Latino","212,960",21.5,"White alone, not Hispanic or Latino","22,094",43.1,"Black or African American alone, not Hispanic or Latino","12,164",23.7,"White alone, not Hispanic or Latino","68,531",44.2,"Black or African American alone, not Hispanic or Latino","39,220",25.3,"White alone, not Hispanic or Latino","45,086",49.4,"Black or African American alone, not Hispanic or Latino","23,438",25.7,"White alone, not Hispanic or Latino","64,066",52.2,"Black or African American alone, not Hispanic or Latino","28,204",23.0,"White alone, not Hispanic or Latino","61,735",53.2,"Black or African American alone, not Hispanic or Latino","26,330",22.7,"White alone, not Hispanic or Latino","166,717",64.4,"Black or African American alone, not Hispanic or Latino","55,394",21.4,"White alone, not Hispanic or Latino","135,671",77.5,"Black or African American alone, not Hispanic or Latino","25,936",14.8,"White alone, not Hispanic or Latino","15,809",82.2,"Black or African American alone, not Hispanic or Latino","2,250",11.7,"White alone, not Hispanic or Latino",142,72.1,"Black or African American alone, not Hispanic or Latino",24,12.2
District of Columbia,"Black or African American alone, not Hispanic or Latino","282,066",40.9,"White alone, not Hispanic or Latino","261,771",38.0,"Black or African American alone, not Hispanic or Latino","16,040",43.3,"White alone, not Hispanic or Latino","11,184",30.2,"Black or African American alone, not Hispanic or Latino","42,486",55.0,"White alone, not Hispanic or Latino","15,820",20.5,"White alone, not Hispanic or Latino","35,040",42.2,"Black or African American alone, not Hispanic or Latino","26,071",31.4,"White alone, not Hispanic or Latino","81,096",49.9,"Black or African American alone, not Hispanic or Latino","44,773",27.5,"White alone, not Hispanic or Latino","45,303",43.1,"Black or African American alone, not Hispanic or Latino","34,996",33.3,"Black or African American alone, not Hispanic or Latino","69,807",50.7,"White alone, not Hispanic or Latino","44,177",32.1,"Black or African American alone, not Hispanic or Latino","41,569",54.5,"White alone, not Hispanic or Latino","26,046",34.1,"Black or African American alone, not Hispanic or Latino","6,187",60.3,"White alone, not Hispanic or Latino","3,049",29.7,"Black or African American alone, not Hispanic or Latino",137,59.6,"White alone, not Hispanic or Latino",56,24.3
Florida,"White alone, not Hispanic or Latino","11,100,503",51.5,Hispanic or Latino,"5,697,240",26.5,"White alone, not Hispanic or Latino","398,292",38.7,Hispanic or Latino,"327,168",31.8,"White alone, not Hispanic or Latino","1,225,511",38.7,Hispanic or Latino,"1,037,387",32.7,"White alone, not Hispanic or Latino","761,995",41.9,Hispanic or Latino,"575,277",31.6,"White alone, not Hispanic or Latino","1,153,723",43.7,Hispanic or Latino,"813,152",30.8,"White alone, not Hispanic or Latino","1,143,128",44.1,Hispanic or Latino,"808,509",31.2,"White alone, not Hispanic or Latino","3,150,259",55.1,Hispanic or Latino,"1,417,843",24.8,"White alone, not Hispanic or Latino","2,873,139",71.3,Hispanic or Latino,"629,086",15.6,"White alone, not Hispanic or Latino","389,911",73.6,Hispanic or Latino,"87,715",16.6,"White alone, not Hispanic or Latino","4,545",69.1,Hispanic or Latino,"1,103",16.8
Georgia,"White alone, not Hispanic or Latino","5,362,156",50.1,"Black or African American alone, not Hispanic or Latino","3,278,119",30.6,"White alone, not Hispanic or Latino","249,347",40.6,"Black or African American alone, not Hispanic or Latino","198,738",32.4,"White alone, not Hispanic or Latino","770,476",41.0,"Black or African American alone, not Hispanic or Latino","616,448",32.8,"White alone, not Hispanic or Latino","473,052",44.8,"Black or African American alone, not Hispanic or Latino","340,018",32.2,"White alone, not Hispanic or Latino","659,566",45.4,"Black or African American alone, not Hispanic or Latino","478,112",32.9,"White alone, not Hispanic or Latino","640,492",46.1,"Black or African American alone, not Hispanic or Latino","441,242",31.7,"White alone, not Hispanic or Latino","1,501,231",54.8,"Black or African American alone, not Hispanic or Latino","825,441",30.1,"White alone, not Hispanic or Latino","960,242",67.1,"Black or African American alone, not Hispanic or Latino","348,526",24.3,"White alone, not Hispanic or Latino","106,661",73.3,"Black or African American alone, not Hispanic or Latino","29,133",20.0,"White alone, not Hispanic or Latino","1,089",62.7,"Black or African American alone, not Hispanic or Latino",461,26.5
Hawaii,"Asian alone, not Hispanic or Latino","531,558",36.5,"White alone, not Hispanic or Latino","314,365",21.6,"Two or More Races, not Hispanic or Latino","23,719",30.7,"Asian alone, not Hispanic or Latino","16,057",20.8,"Two or More Races, not Hispanic or Latino","68,766",31.0,"Asian alone, not Hispanic or Latino","57,233",25.8,"Asian alone, not Hispanic or Latino","34,763",27.7,"Two or More Races, not Hispanic or Latino","29,334",23.4,"Asian alone, not Hispanic or Latino","56,463",29.5,"White alone, not Hispanic or Latino","43,667",22.8,"Asian alone, not Hispanic or Latino","63,027",34.3,"White alone, not Hispanic or Latino","41,946",22.8,"Asian alone, not Hispanic or Latino","161,008",43.2,"White alone, not Hispanic or Latino","86,302",23.1,"Asian alone, not Hispanic or Latino","117,585",48.1,"White alone, not Hispanic or Latino","71,741",29.3,"Asian alone, not Hispanic or Latino","24,984",67.2,"White alone, not Hispanic or Latino","6,944",18.7,"Asian alone, not Hispanic or Latino",438,67.8,"White alone, not Hispanic or Latino",97,15.0
Idaho,"White alone, not Hispanic or Latino","1,450,523",78.9,Hispanic or Latino,"239,407",13.0,"White alone, not Hispanic or Latino","80,202",70.3,Hispanic or Latino,"22,232",19.5,"White alone, not Hispanic or Latino","248,855",71.4,Hispanic or Latino,"65,475",18.8,"White alone, not Hispanic or Latino","131,939",73.0,Hispanic or Latino,"31,587",17.5,"White alone, not Hispanic or Latino","173,870",74.9,Hispanic or Latino,"36,868",15.9,"White alone, not Hispanic or Latino","180,170",78.4,Hispanic or Latino,"30,708",13.4,"White alone, not Hispanic or Latino","353,344",83.3,Hispanic or Latino,"39,591",9.3,"White alone, not Hispanic or Latino","253,193",90.8,Hispanic or Latino,"11,963",4.3,"White alone, not Hispanic or Latino","28,678",93.5,Hispanic or Latino,962,3.1,"White alone, not Hispanic or Latino",272,87.2,Hispanic or Latino,21,6.7
Illinois,"White alone, not Hispanic or Latino","7,472,751",58.3,Hispanic or Latino,"2,337,410",18.2,"White alone, not Hispanic or Latino","338,715",48.0,Hispanic or Latino,"171,561",24.3,"White alone, not Hispanic or Latino","1,010,488",47.9,Hispanic or Latino,"545,537",25.9,"White alone, not Hispanic or Latino","587,658",49.5,Hispanic or Latino,"284,967",24.0,"White alone, not Hispanic or Latino","942,410",54.0,Hispanic or Latino,"354,206",20.3,"White alone, not Hispanic or Latino","926,909",55.6,Hispanic or Latino,"344,105",20.6,"White alone, not Hispanic or Latino","2,104,774",63.7,Hispanic or Latino,"479,402",14.5,"White alone, not Hispanic or Latino","1,357,990",73.8,"Black or African American alone, not Hispanic or Latino","219,922",11.9,"White alone, not Hispanic or Latino","201,068",80.4,"Black or African American alone, not Hispanic or Latino","24,055",9.6,"White alone, not Hispanic or Latino","2,739",79.9,"Black or African American alone, not Hispanic or Latino",351,10.2
Indiana,"White alone, not Hispanic or Latino","5,121,004",75.5,"Black or African American alone, not Hispanic or Latino","637,500",9.4,"White alone, not Hispanic or Latino","267,243",65.4,Hispanic or Latino,"51,804",12.7,"White alone, not Hispanic or Latino","788,111",66.6,Hispanic or Latino,"151,458",12.8,"White alone, not Hispanic or Latino","457,026",69.8,Hispanic or Latino,"70,635",10.8,"White alone, not Hispanic or Latino","622,530",71.8,"Black or African American alone, not Hispanic or Latino","93,199",10.8,"White alone, not Hispanic or Latino","616,376",73.4,"Black or African American alone, not Hispanic or Latino","83,950",10.0,"White alone, not Hispanic or Latino","1,383,678",80.8,"Black or African American alone, not Hispanic or Latino","148,244",8.7,"White alone, not Hispanic or Latino","873,234",87.9,"Black or African American alone, not Hispanic or Latino","63,761",6.4,"White alone, not Hispanic or Latino","111,547",90.1,"Black or African American alone, not Hispanic or Latino","6,447",5.2,"White alone, not Hispanic or Latino","1,259",86.4,"Black or African American alone, not Hispanic or Latino",100,6.9
Iowa,"White alone, not Hispanic or Latino","2,638,201",82.7,Hispanic or Latino,"215,986",6.8,"White alone, not Hispanic or Latino","136,819",72.0,Hispanic or Latino,"21,418",11.3,"White alone, not Hispanic or Latino","407,613",74.1,Hispanic or Latino,"60,464",11.0,"White alone, not Hispanic or Latino","235,020",75.9,Hispanic or Latino,"30,806",10.0,"White alone, not Hispanic or Latino","311,373",78.3,Hispanic or Latino,"33,454",8.4,"White alone, not Hispanic or Latino","316,970",81.5,Hispanic or Latino,"27,827",7.2,"White alone, not Hispanic or Latino","686,825",88.1,Hispanic or Latino,"32,954",4.2,"White alone, not Hispanic or Latino","469,936",94.3,Hispanic or Latino,"8,189",1.6,"White alone, not Hispanic or Latino","72,690",96.6,Hispanic or Latino,847,1.1,"White alone, not Hispanic or Latino",955,92.7,Hispanic or Latino,27,2.6
Kansas,"White alone, not Hispanic or Latino","2,122,575",72.2,Hispanic or Latino,"382,603",13.0,"White alone, not Hispanic or Latino","109,756",61.2,Hispanic or Latino,"35,875",20.0,"White alone, not Hispanic or Latino","328,837",62.1,Hispanic or Latino,"105,142",19.9,"White alone, not Hispanic or Latino","186,864",64.5,Hispanic or Latino,"51,034",17.6,"White alone, not Hispanic or Latino","255,989",68.1,Hispanic or Latino,"56,931",15.2,"White alone, not Hispanic or Latino","261,491",71.3,Hispanic or Latino,"49,831",13.6,"White alone, not Hispanic or Latino","550,583",77.9,Hispanic or Latino,"63,950",9.0,"White alone, not Hispanic or Latino","373,796",87.0,Hispanic or Latino,"17,862",4.2,"White alone, not Hispanic or Latino","54,522",90.9,Hispanic or Latino,"1,945",3.2,"White alone, not Hispanic or Latino",737,90.0,Hispanic or Latino,33,4.0
Kentucky,"White alone, not Hispanic or Latino","3,664,764",81.3,"Black or African American alone, not Hispanic or Latino","357,764",7.9,"White alone, not Hispanic or Latino","193,671",73.3,"Black or African American alone, not Hispanic or Latino","23,686",9.0,"White alone, not Hispanic or Latino","565,548",74.6,"Black or African American alone, not Hispanic or Latino","68,117",9.0,"White alone, not Hispanic or Latino","315,398",76.5,"Black or African American alone, not Hispanic or Latino","39,066",9.5,"White alone, not Hispanic or Latino","444,983",78.2,"Black or African American alone, not Hispanic or Latino","52,018",9.1,"White alone, not Hispanic or Latino","449,506",80.2,"Black or African American alone, not Hispanic or Latino","46,376",8.3,"White alone, not Hispanic or Latino","1,000,476",85.1,"Black or African American alone, not Hispanic or Latino","87,012",7.4,"White alone, not Hispanic or Latino","624,124",90.4,"Black or African American alone, not Hispanic or Latino","37,879",5.5,"White alone, not Hispanic or Latino","70,406",92.4,"Black or African American alone, not Hispanic or Latino","3,556",4.7,"White alone, not Hispanic or Latino",652,86.8,"Black or African American alone, not Hispanic or Latino",54,7.2
Louisiana,"White alone, not Hispanic or Latino","2,596,702",55.8,"Black or African American alone, not Hispanic or Latino","1,452,420",31.2,"White alone, not Hispanic or Latino","130,709",46.5,"Black or African American alone, not Hispanic or Latino","99,685",35.4,"White alone, not Hispanic or Latino","383,883",47.6,"Black or African American alone, not Hispanic or Latino","286,224",35.5,"White alone, not Hispanic or Latino","213,591",49.2,"Black or African American alone, not Hispanic or Latino","153,477",35.4,"White alone, not Hispanic or Latino","317,589",51.8,"Black or African American alone, not Hispanic or Latino","202,204",33.0,"White alone, not Hispanic or Latino","328,498",54.8,"Black or African American alone, not Hispanic or Latino","185,424",30.9,"White alone, not Hispanic or Latino","700,560",60.3,"Black or African American alone, not Hispanic or Latino","339,039",29.2,"White alone, not Hispanic or Latino","464,403",67.8,"Black or African American alone, not Hispanic or Latino","170,436",24.9,"White alone, not Hispanic or Latino","56,953",73.7,"Black or African American alone, not Hispanic or Latino","15,701",20.3,"White alone, not Hispanic or Latino",516,62.8,"Black or African American alone, not Hispanic or Latino",230,28.0
Maine,"White alone, not Hispanic or Latino","1,228,264",90.2,"Two or More Races, not Hispanic or Latino","53,573",3.9,"White alone, not Hispanic or Latino","50,926",82.8,"Two or More Races, not Hispanic or Latino","4,566",7.4,"White alone, not Hispanic or Latino","159,834",83.8,"Two or More Races, not Hispanic or Latino","13,269",7.0,"White alone, not Hispanic or Latino","92,512",85.5,"Two or More Races, not Hispanic or Latino","5,210",4.8,"White alone, not Hispanic or Latino","140,749",88.0,"Two or More Races, not Hispanic or Latino","6,733",4.2,"White alone, not Hispanic or Latino","141,005",88.8,"Two or More Races, not Hispanic or Latino","6,420",4.0,"White alone, not Hispanic or Latino","357,807",92.7,"Two or More Races, not Hispanic or Latino","12,225",3.2,"White alone, not Hispanic or Latino","253,070",96.0,"Two or More Races, not Hispanic or Latino","4,783",1.8,"White alone, not Hispanic or Latino","32,013",97.3,"Two or More Races, not Hispanic or Latino",354,1.1,"White alone, not Hispanic or Latino",348,89.9,No second largest racial or ethnic group,–,–
Maryland,"White alone, not Hispanic or Latino","2,913,782",47.2,"Black or African American alone, not Hispanic or Latino","1,795,027",29.1,"White alone, not Hispanic or Latino","128,115",37.1,"Black or African American alone, not Hispanic or Latino","99,924",29.0,"White alone, not Hispanic or Latino","384,307",37.8,"Black or African American alone, not Hispanic or Latino","306,362",30.1,"White alone, not Hispanic or Latino","228,750",41.0,"Black or African American alone, not Hispanic or Latino","167,650",30.0,"White alone, not Hispanic or Latino","361,775",43.0,"Black or African American alone, not Hispanic or Latino","253,257",30.1,"White alone, not Hispanic or Latino","345,849",42.9,"Black or African American alone, not Hispanic or Latino","238,458",29.6,"White alone, not Hispanic or Latino","837,528",51.6,"Black or African American alone, not Hispanic or Latino","484,172",29.8,"White alone, not Hispanic or Latino","547,932",62.7,"Black or African American alone, not Hispanic or Latino","222,836",25.5,"White alone, not Hispanic or Latino","78,532",70.9,"Black or African American alone, not Hispanic or Latino","21,987",19.9,"White alone, not Hispanic or Latino",994,64.5,"Black or African American alone, not Hispanic or Latino",381,24.7
Massachusetts,"White alone, not Hispanic or Latino","4,748,897",67.6,Hispanic or Latino,"887,685",12.6,"White alone, not Hispanic or Latino","182,618",53.7,Hispanic or Latino,"68,472",20.1,"White alone, not Hispanic or Latino","577,294",56.3,Hispanic or Latino,"197,705",19.3,"White alone, not Hispanic or Latino","425,802",60.0,Hispanic or Latino,"113,977",16.1,"White alone, not Hispanic or Latino","613,607",61.4,Hispanic or Latino,"150,465",15.1,"White alone, not Hispanic or Latino","535,602",62.2,Hispanic or Latino,"124,084",14.4,"White alone, not Hispanic or Latino","1,378,008",74.0,Hispanic or Latino,"171,144",9.2,"White alone, not Hispanic or Latino","897,938",83.6,Hispanic or Latino,"56,050",5.2,"White alone, not Hispanic or Latino","136,142",87.8,Hispanic or Latino,"5,669",3.7,"White alone, not Hispanic or Latino","1,886",84.3,Hispanic or Latino,119,5.3
Michigan,"White alone, not Hispanic or Latino","7,295,651",72.4,"Black or African American alone, not Hispanic or Latino","1,358,458",13.5,"White alone, not Hispanic or Latino","338,787",61.7,"Black or African American alone, not Hispanic or Latino","89,119",16.2,"White alone, not Hispanic or Latino","1,028,068",63.7,"Black or African American alone, not Hispanic or Latino","247,823",15.4,"White alone, not Hispanic or Latino","636,656",66.9,"Black or African American alone, not Hispanic or Latino","140,483",14.8,"White alone, not Hispanic or Latino","887,724",68.0,"Black or African American alone, not Hispanic or Latino","200,461",15.4,"White alone, not Hispanic or Latino","841,350",71.1,"Black or African American alone, not Hispanic or Latino","160,104",13.5,"White alone, not Hispanic or Latino","2,047,596",76.7,"Black or African American alone, not Hispanic or Latino","340,232",12.7,"White alone, not Hispanic or Latino","1,335,705",83.6,"Black or African American alone, not Hispanic or Latino","161,930",10.1,"White alone, not Hispanic or Latino","177,844",86.7,"Black or African American alone, not Hispanic or Latino","18,009",8.8,"White alone, not Hispanic or Latino","1,921",80.3,"Black or African American alone, not Hispanic or Latino",297,12.4
Minnesota,"White alone, not Hispanic or Latino","4,353,880",76.3,"Black or African American alone, not Hispanic or Latino","392,850",6.9,"White alone, not Hispanic or Latino","212,525",62.4,"Black or African American alone, not Hispanic or Latino","38,299",11.3,"White alone, not Hispanic or Latino","632,302",64.7,"Black or African American alone, not Hispanic or Latino","97,198",9.9,"White alone, not Hispanic or Latino","345,827",68.4,Hispanic or Latino,"45,318",9.0,"White alone, not Hispanic or Latino","539,325",71.3,"Black or African American alone, not Hispanic or Latino","61,910",8.2,"White alone, not Hispanic or Latino","553,131",74.5,"Black or African American alone, not Hispanic or Latino","55,652",7.5,"White alone, not Hispanic or Latino","1,197,790",83.5,"Black or African American alone, not Hispanic or Latino","72,834",5.1,"White alone, not Hispanic or Latino","762,586",91.6,"Black or African American alone, not Hispanic or Latino","21,471",2.6,"White alone, not Hispanic or Latino","108,997",94.7,"Asian alone, not Hispanic or Latino","1,786",1.6,"White alone, not Hispanic or Latino","1,397",90.5,Hispanic or Latino,46,3.0
Mississippi,"White alone, not Hispanic or Latino","1,639,077",55.4,"Black or African American alone, not Hispanic or Latino","1,079,001",36.4,"White alone, not Hispanic or Latino","80,219",46.7,"Black or African American alone, not Hispanic or Latino","70,090",40.8,"White alone, not Hispanic or Latino","243,407",47.5,"Black or African American alone, not Hispanic or Latino","209,523",40.9,"White alone, not Hispanic or Latino","146,023",50.4,"Black or African American alone, not Hispanic or Latino","115,431",39.8,"White alone, not Hispanic or Latino","183,242",51.0,"Black or African American alone, not Hispanic or Latino","141,664",39.5,"White alone, not Hispanic or Latino","191,289",52.7,"Black or African American alone, not Hispanic or Latino","139,112",38.3,"White alone, not Hispanic or Latino","444,173",58.7,"Black or African American alone, not Hispanic or Latino","264,396",35.0,"White alone, not Hispanic or Latino","312,325",68.2,"Black or African American alone, not Hispanic or Latino","126,981",27.7,"White alone, not Hispanic or Latino","38,025",74.3,"Black or African American alone, not Hispanic or Latino","11,577",22.6,"White alone, not Hispanic or Latino",374,56.3,"Black or African American alone, not Hispanic or Latino",227,34.2
Missouri,"White alone, not Hispanic or Latino","4,663,907",75.8,"Black or African American alone, not Hispanic or Latino","692,774",11.3,"White alone, not Hispanic or Latino","240,189",67.7,"Black or African American alone, not Hispanic or Latino","45,870",12.9,"White alone, not Hispanic or Latino","700,076",68.3,"Black or African American alone, not Hispanic or Latino","132,735",13.0,"White alone, not Hispanic or Latino","409,342",70.5,"Black or African American alone, not Hispanic or Latino","72,419",12.5,"White alone, not Hispanic or Latino","580,570",72.4,"Black or African American alone, not Hispanic or Latino","101,736",12.7,"White alone, not Hispanic or Latino","567,507",75.0,"Black or African American alone, not Hispanic or Latino","86,454",11.4,"White alone, not Hispanic or Latino","1,236,398",79.3,"Black or African American alone, not Hispanic or Latino","167,929",10.8,"White alone, not Hispanic or Latino","820,089",85.9,"Black or African American alone, not Hispanic or Latino","77,436",8.1,"White alone, not Hispanic or Latino","108,493",89.0,"Black or African American alone, not Hispanic or Latino","8,043",6.6,"White alone, not Hispanic or Latino","1,243",82.9,"Black or African American alone, not Hispanic or Latino",152,10.1
Montana,"White alone, not Hispanic or Latino","901,318",83.1,"American Indian and Alaska Native alone, not Hispanic or Latino","64,592",6.0,"White alone, not Hispanic or Latino","43,561",73.6,"American Indian and Alaska Native alone, not Hispanic or Latino","5,552",9.4,"White alone, not Hispanic or Latino","130,204",74.5,"American Indian and Alaska Native alone, not Hispanic or Latino","16,323",9.3,"White alone, not Hispanic or Latino","72,505",77.1,Hispanic or Latino,"7,020",7.5,"White alone, not Hispanic or Latino","110,231",80.5,"American Indian and Alaska Native alone, not Hispanic or Latino","9,275",6.8,"White alone, not Hispanic or Latino","110,599",83.1,"American Indian and Alaska Native alone, not Hispanic or Latino","7,791",5.9,"White alone, not Hispanic or Latino","235,159",86.9,"American Indian and Alaska Native alone, not Hispanic or Latino","13,139",4.9,"White alone, not Hispanic or Latino","178,378",92.2,"American Indian and Alaska Native alone, not Hispanic or Latino","5,453",2.8,"White alone, not Hispanic or Latino","20,457",94.6,"American Indian and Alaska Native alone, not Hispanic or Latino",396,1.8,"White alone, not Hispanic or Latino",224,85.2,Hispanic or Latino,11,4.2
Nebraska,"White alone, not Hispanic or Latino","1,484,687",75.7,Hispanic or Latino,"234,715",12.0,"White alone, not Hispanic or Latino","80,736",63.8,Hispanic or Latino,"23,811",18.8,"White alone, not Hispanic or Latino","234,696",65.4,Hispanic or Latino,"65,607",18.3,"White alone, not Hispanic or Latino","126,510",67.9,Hispanic or Latino,"31,264",16.8,"White alone, not Hispanic or Latino","183,923",71.4,Hispanic or Latino,"36,005",14.0,"White alone, not Hispanic or Latino","185,760",74.8,Hispanic or Latino,"30,868",12.4,"White alone, not Hispanic or Latino","379,847",82.1,Hispanic or Latino,"37,029",8.0,"White alone, not Hispanic or Latino","255,012",90.8,Hispanic or Latino,"9,195",3.3,"White alone, not Hispanic or Latino","37,754",94.1,Hispanic or Latino,923,2.3,"White alone, not Hispanic or Latino",449,91.3,"Black or African American alone, not Hispanic or Latino",14,2.8
Nevada,"White alone, not Hispanic or Latino","1,425,952",45.9,Hispanic or Latino,"890,257",28.7,Hispanic or Latino,"69,825",40.1,"White alone, not Hispanic or Latino","54,410",31.3,Hispanic or Latino,"211,036",40.8,"White alone, not Hispanic or Latino","165,891",32.1,Hispanic or Latino,"105,533",39.2,"White alone, not Hispanic or Latino","91,876",34.1,"White alone, not Hispanic or Latino","172,358",39.5,Hispanic or Latino,"142,062",32.6,"White alone, not Hispanic or Latino","178,561",43.2,Hispanic or Latino,"124,899",30.2,"White alone, not Hispanic or Latino","414,419",52.7,Hispanic or Latino,"178,418",22.7,"White alone, not Hispanic or Latino","317,352",68.1,Hispanic or Latino,"54,045",11.6,"White alone, not Hispanic or Latino","30,788",72.9,Hispanic or Latino,"4,375",10.4,"White alone, not Hispanic or Latino",297,66.1,Hispanic or Latino,64,14.3
New Hampshire,"White alone, not Hispanic or Latino","1,200,649",87.2,Hispanic or Latino,"59,454",4.3,"White alone, not Hispanic or Latino","48,211",78.4,Hispanic or Latino,"5,137",8.4,"White alone, not Hispanic or Latino","156,687",80.2,Hispanic or Latino,"14,517",7.4,"White alone, not Hispanic or Latino","101,526",82.6,Hispanic or Latino,"7,781",6.3,"White alone, not Hispanic or Latino","143,150",84.1,Hispanic or Latino,"9,813",5.8,"White alone, not Hispanic or Latino","134,707",84.7,Hispanic or Latino,"7,907",5.0,"White alone, not Hispanic or Latino","363,666",90.3,"Two or More Races, not Hispanic or Latino","12,647",3.1,"White alone, not Hispanic or Latino","225,154",94.9,"Two or More Races, not Hispanic or Latino","4,293",1.8,"White alone, not Hispanic or Latino","27,222",96.4,Hispanic or Latino,361,1.3,"White alone, not Hispanic or Latino",326,91.3,"Black or African American alone, not Hispanic or Latino",13,3.6
New Jersey,"White alone, not Hispanic or Latino","4,816,381",51.9,Hispanic or Latino,"2,002,575",21.6,"White alone, not Hispanic or Latino","208,336",41.5,Hispanic or Latino,"143,601",28.6,"White alone, not Hispanic or Latino","641,649",42.6,Hispanic or Latino,"422,975",28.1,"White alone, not Hispanic or Latino","370,563",45.0,Hispanic or Latino,"216,129",26.3,"White alone, not Hispanic or Latino","547,461",44.9,Hispanic or Latino,"311,077",25.5,"White alone, not Hispanic or Latino","537,198",44.8,Hispanic or Latino,"300,857",25.1,"White alone, not Hispanic or Latino","1,431,767",57.1,Hispanic or Latino,"444,814",17.7,"White alone, not Hispanic or Latino","926,370",69.4,Hispanic or Latino,"146,558",11.0,"White alone, not Hispanic or Latino","151,028",78.0,Hispanic or Latino,"16,314",8.4,"White alone, not Hispanic or Latino","2,009",75.9,Hispanic or Latino,250,9.4
New Mexico,Hispanic or Latino,"1,010,811",47.7,"White alone, not Hispanic or Latino","772,952",36.5,Hispanic or Latino,"67,884",59.1,"White alone, not Hispanic or Latino","26,333",22.9,Hispanic or Latino,"216,163",59.4,"White alone, not Hispanic or Latino","82,557",22.7,Hispanic or Latino,"108,046",55.9,"White alone, not Hispanic or Latino","50,793",26.3,Hispanic or Latino,"138,225",50.5,"White alone, not Hispanic or Latino","85,154",31.1,Hispanic or Latino,"126,651",49.4,"White alone, not Hispanic or Latino","85,831",33.5,Hispanic or Latino,"227,135",43.3,"White alone, not Hispanic or Latino","218,817",41.8,"White alone, not Hispanic or Latino","200,698",57.0,Hispanic or Latino,"113,651",32.3,"White alone, not Hispanic or Latino","22,541",57.9,Hispanic or Latino,"12,932",33.2,"White alone, not Hispanic or Latino",228,55.6,Hispanic or Latino,124,30.2
New York,"White alone, not Hispanic or Latino","10,598,907",52.5,Hispanic or Latino,"3,948,032",19.5,"White alone, not Hispanic or Latino","475,764",44.9,Hispanic or Latino,"255,638",24.1,"White alone, not Hispanic or Latino","1,361,626",44.6,Hispanic or Latino,"766,508",25.1,"White alone, not Hispanic or Latino","899,662",46.5,Hispanic or Latino,"442,832",22.9,"White alone, not Hispanic or Latino","1,420,117",48.0,Hispanic or Latino,"639,147",21.6,"White alone, not Hispanic or Latino","1,235,589",48.2,Hispanic or Latino,"566,402",22.1,"White alone, not Hispanic or Latino","2,917,244",55.9,Hispanic or Latino,"883,019",16.9,"White alone, not Hispanic or Latino","1,965,796",66.3,Hispanic or Latino,"349,999",11.8,"White alone, not Hispanic or Latino","318,343",73.2,Hispanic or Latino,"43,652",10.0,"White alone, not Hispanic or Latino","4,766",68.9,Hispanic or Latino,835,12.1
North Carolina,"White alone, not Hispanic or Latino","6,312,148",60.5,"Black or African American alone, not Hispanic or Latino","2,107,526",20.2,"White alone, not Hispanic or Latino","279,194",48.6,"Black or African American alone, not Hispanic or Latino","120,563",21.0,"White alone, not Hispanic or Latino","843,321",49.3,"Black or African American alone, not Hispanic or Latino","366,394",21.4,"White alone, not Hispanic or Latino","530,917",53.3,"Black or African American alone, not Hispanic or Latino","220,236",22.1,"White alone, not Hispanic or Latino","765,389",56.2,"Black or African American alone, not Hispanic or Latino","288,850",21.2,"White alone, not Hispanic or Latino","740,508",56.9,"Black or African American alone, not Hispanic or Latino","263,530",20.3,"White alone, not Hispanic or Latino","1,782,605",65.9,"Black or African American alone, not Hispanic or Latino","550,424",20.3,"White alone, not Hispanic or Latino","1,223,823",76.1,"Black or African American alone, not Hispanic or Latino","271,178",16.9,"White alone, not Hispanic or Latino","144,996",80.5,"Black or African American alone, not Hispanic or Latino","25,892",14.4,"White alone, not Hispanic or Latino","1,395",68.0,"Black or African American alone, not Hispanic or Latino",459,22.4
North Dakota,"White alone, not Hispanic or Latino","636,160",81.7,"American Indian and Alaska Native alone, not Hispanic or Latino","37,350",4.8,"White alone, not Hispanic or Latino","37,071",70.8,"Two or More Races, not Hispanic or Latino","3,944",7.5,"White alone, not Hispanic or Latino","95,936",73.4,"American Indian and Alaska Native alone, not Hispanic or Latino","9,817",7.5,"White alone, not Hispanic or Latino","63,684",76.7,Hispanic or Latino,"5,519",6.6,"White alone, not Hispanic or Latino","87,660",77.0,Hispanic or Latino,"6,619",5.8,"White alone, not Hispanic or Latino","79,454",81.1,"American Indian and Alaska Native alone, not Hispanic or Latino","4,628",4.7,"White alone, not Hispanic or Latino","155,973",87.7,"American Indian and Alaska Native alone, not Hispanic or Latino","7,139",4.0,"White alone, not Hispanic or Latino","100,066",94.1,"American Indian and Alaska Native alone, not Hispanic or Latino","2,486",2.3,"White alone, not Hispanic or Latino","16,080",95.8,Hispanic or Latino,312,1.9,"White alone, not Hispanic or Latino",236,87.1,Hispanic or Latino,11,4.1
Ohio,"White alone, not Hispanic or Latino","8,954,135",75.9,"Black or African American alone, not Hispanic or Latino","1,457,180",12.3,"White alone, not Hispanic or Latino","435,522",65.4,"Black or African American alone, not Hispanic or Latino","100,998",15.2,"White alone, not Hispanic or Latino","1,299,721",67.5,"Black or African American alone, not Hispanic or Latino","282,280",14.7,"White alone, not Hispanic or Latino","787,019",71.4,"Black or African American alone, not Hispanic or Latino","148,776",13.5,"White alone, not Hispanic or Latino","1,080,191",72.0,"Black or African American alone, not Hispanic or Latino","209,392",14.0,"White alone, not Hispanic or Latino","1,056,823",74.7,"Black or African American alone, not Hispanic or Latino","178,280",12.6,"White alone, not Hispanic or Latino","2,466,576",80.3,"Black or African American alone, not Hispanic or Latino","349,066",11.4,"White alone, not Hispanic or Latino","1,608,053",86.0,"Black or African American alone, not Hispanic or Latino","168,333",9.0,"White alone, not Hispanic or Latino","217,827",88.3,"Black or African American alone, not Hispanic or Latino","19,751",8.0,"White alone, not Hispanic or Latino","2,403",83.7,"Black or African American alone, not Hispanic or Latino",304,10.6
Oklahoma,"White alone, not Hispanic or Latino","2,407,188",60.8,Hispanic or Latino,"471,931",11.9,"White alone, not Hispanic or Latino","108,604",45.0,Hispanic or Latino,"46,336",19.2,"White alone, not Hispanic or Latino","334,730",47.3,Hispanic or Latino,"129,974",18.4,"White alone, not Hispanic or Latino","203,857",53.1,Hispanic or Latino,"61,071",15.9,"White alone, not Hispanic or Latino","293,711",56.4,Hispanic or Latino,"74,920",14.4,"White alone, not Hispanic or Latino","301,219",60.0,Hispanic or Latino,"64,489",12.8,"White alone, not Hispanic or Latino","647,110",68.0,Hispanic or Latino,"74,279",7.8,"White alone, not Hispanic or Latino","458,231",78.7,"American Indian and Alaska Native alone, not Hispanic or Latino","33,399",5.7,"White alone, not Hispanic or Latino","59,145",84.7,"Black or African American alone, not Hispanic or Latino","2,828",4.0,"White alone, not Hispanic or Latino",581,79.2,No second largest racial or ethnic group,–,–
Oregon,"White alone, not Hispanic or Latino","3,036,158",71.7,Hispanic or Latino,"588,757",13.9,"White alone, not Hispanic or Latino","125,623",58.4,Hispanic or Latino,"49,239",22.9,"White alone, not Hispanic or Latino","384,260",59.0,Hispanic or Latino,"150,124",23.0,"White alone, not Hispanic or Latino","228,348",61.6,Hispanic or Latino,"77,269",20.8,"White alone, not Hispanic or Latino","393,998",67.2,Hispanic or Latino,"96,284",16.4,"White alone, not Hispanic or Latino","401,190",70.0,Hispanic or Latino,"82,834",14.5,"White alone, not Hispanic or Latino","803,361",76.8,Hispanic or Latino,"102,792",9.8,"White alone, not Hispanic or Latino","623,740",87.6,Hispanic or Latino,"27,776",3.9,"White alone, not Hispanic or Latino","74,818",90.9,Hispanic or Latino,"2,381",2.9,"White alone, not Hispanic or Latino",820,84.6,Hispanic or Latino,58,6.0
Pennsylvania,"White alone, not Hispanic or Latino","9,553,417",73.5,"Black or African American alone, not Hispanic or Latino","1,368,978",10.5,"White alone, not Hispanic or Latino","414,648",62.1,Hispanic or Latino,"89,735",13.4,"White alone, not Hispanic or Latino","1,254,759",63.3,Hispanic or Latino,"255,622",12.9,"White alone, not Hispanic or Latino","808,838",66.9,"Black or African American alone, not Hispanic or Latino","144,843",12.0,"White alone, not Hispanic or Latino","1,137,205",68.0,"Black or African American alone, not Hispanic or Latino","205,119",12.3,"White alone, not Hispanic or Latino","1,090,113",70.7,"Black or African American alone, not Hispanic or Latino","171,232",11.1,"White alone, not Hispanic or Latino","2,703,650",78.4,"Black or African American alone, not Hispanic or Latino","337,688",9.8,"White alone, not Hispanic or Latino","1,858,050",85.9,"Black or African American alone, not Hispanic or Latino","161,717",7.5,"White alone, not Hispanic or Latino","282,837",89.5,"Black or African American alone, not Hispanic or Latino","18,911",6.0,"White alone, not Hispanic or Latino","3,317",84.4,"Black or African American alone, not Hispanic or Latino",321,8.2
Puerto Rico,Hispanic or Latino,"3,249,043",98.9,"White alone, not Hispanic or Latino","24,548",0.7,Hispanic or Latino,"114,009",99.0,"White alone, not Hispanic or Latino",717,0.6,Hispanic or Latino,"442,291",99.2,"White alone, not Hispanic or Latino","2,256",0.5,Hispanic or Latino,"290,987",99.3,"White alone, not Hispanic or Latino","1,303",0.4,Hispanic or Latino,"368,113",98.9,"White alone, not Hispanic or Latino","2,669",0.7,Hispanic or Latino,"402,353",98.7,"White alone, not Hispanic or Latino","3,367",0.8,Hispanic or Latino,"906,928",98.6,"White alone, not Hispanic or Latino","8,937",1.0,Hispanic or Latino,"640,080",99.0,"White alone, not Hispanic or Latino","4,766",0.7,Hispanic or Latino,"82,951",99.0,"White alone, not Hispanic or Latino",522,0.6,Hispanic or Latino,"1,331",97.8,"White alone, not Hispanic or Latino",11,0.8
Rhode Island,"White alone, not Hispanic or Latino","754,050",68.7,Hispanic or Latino,"182,101",16.6,"White alone, not Hispanic or Latino","26,434",50.9,Hispanic or Latino,"14,482",27.9,"White alone, not Hispanic or Latino","85,181",54.0,Hispanic or Latino,"41,631",26.4,"White alone, not Hispanic or Latino","69,900",60.1,Hispanic or Latino,"23,717",20.4,"White alone, not Hispanic or Latino","90,181",61.8,Hispanic or Latino,"30,043",20.6,"White alone, not Hispanic or Latino","84,217",64.1,Hispanic or Latino,"25,160",19.2,"White alone, not Hispanic or Latino","224,371",76.4,Hispanic or Latino,"35,032",11.9,"White alone, not Hispanic or Latino","149,575",86.1,Hispanic or Latino,"10,926",6.3,"White alone, not Hispanic or Latino","23,821",90.4,Hispanic or Latino,"1,081",4.1,"White alone, not Hispanic or Latino",370,84.9,Hispanic or Latino,29,6.7
South Carolina,"White alone, not Hispanic or Latino","3,178,552",62.1,"Black or African American alone, not Hispanic or Latino","1,269,031",24.8,"White alone, not Hispanic or Latino","143,919",51.9,"Black or African American alone, not Hispanic or Latino","73,988",26.7,"White alone, not Hispanic or Latino","430,658",52.1,"Black or African American alone, not Hispanic or Latino","230,376",27.9,"White alone, not Hispanic or Latino","270,052",57.3,"Black or African American alone, not Hispanic or Latino","122,395",26.0,"White alone, not Hispanic or Latino","366,452",57.8,"Black or African American alone, not Hispanic or Latino","168,577",26.6,"White alone, not Hispanic or Latino","362,851",59.2,"Black or African American alone, not Hispanic or Latino","156,516",25.5,"White alone, not Hispanic or Latino","874,246",66.0,"Black or African American alone, not Hispanic or Latino","324,745",24.5,"White alone, not Hispanic or Latino","660,741",75.0,"Black or African American alone, not Hispanic or Latino","175,925",20.0,"White alone, not Hispanic or Latino","68,980",77.2,"Black or African American alone, not Hispanic or Latino","16,235",18.2,"White alone, not Hispanic or Latino",653,62.5,"Black or African American alone, not Hispanic or Latino",274,26.2
South Dakota,"White alone, not Hispanic or Latino","705,583",79.6,"American Indian and Alaska Native alone, not Hispanic or Latino","74,595",8.4,"White alone, not Hispanic or Latino","38,874",67.3,"American Indian and Alaska Native alone, not Hispanic or Latino","7,356",12.7,"White alone, not Hispanic or Latino","110,628",69.3,"American Indian and Alaska Native alone, not Hispanic or Latino","20,155",12.6,"White alone, not Hispanic or Latino","60,507",73.7,"American Indian and Alaska Native alone, not Hispanic or Latino","8,187",10.0,"White alone, not Hispanic or Latino","83,610",74.5,"American Indian and Alaska Native alone, not Hispanic or Latino","10,954",9.8,"White alone, not Hispanic or Latino","86,213",79.3,"American Indian and Alaska Native alone, not Hispanic or Latino","9,040",8.3,"White alone, not Hispanic or Latino","179,910",85.9,"American Indian and Alaska Native alone, not Hispanic or Latino","13,513",6.4,"White alone, not Hispanic or Latino","126,286",92.7,"American Indian and Alaska Native alone, not Hispanic or Latino","5,020",3.7,"White alone, not Hispanic or Latino","19,240",95.9,"American Indian and Alaska Native alone, not Hispanic or Latino",366,1.8,"White alone, not Hispanic or Latino",315,91.8,Hispanic or Latino,12,3.5
Tennessee,"White alone, not Hispanic or Latino","4,900,246",70.9,"Black or African American alone, not Hispanic or Latino","1,083,772",15.7,"White alone, not Hispanic or Latino","239,265",60.8,"Black or African American alone, not Hispanic or Latino","70,270",17.8,"White alone, not Hispanic or Latino","702,685",62.0,"Black or African American alone, not Hispanic or Latino","201,295",17.8,"White alone, not Hispanic or Latino","421,128",65.4,"Black or African American alone, not Hispanic or Latino","114,472",17.8,"White alone, not Hispanic or Latino","616,226",66.9,"Black or African American alone, not Hispanic or Latino","159,172",17.3,"White alone, not Hispanic or Latino","590,365",68.6,"Black or African American alone, not Hispanic or Latino","138,971",16.1,"White alone, not Hispanic or Latino","1,342,221",75.4,"Black or African American alone, not Hispanic or Latino","268,227",15.1,"White alone, not Hispanic or Latino","887,190",83.5,"Black or African American alone, not Hispanic or Latino","120,420",11.3,"White alone, not Hispanic or Latino","100,226",86.7,"Black or African American alone, not Hispanic or Latino","10,732",9.3,"White alone, not Hispanic or Latino",940,74.8,"Black or African American alone, not Hispanic or Latino",213,17.0
Texas,"White alone, not Hispanic or Latino","11,584,597",39.7,Hispanic or Latino,"11,441,717",39.3,Hispanic or Latino,"867,837",47.7,"White alone, not Hispanic or Latino","539,073",29.6,Hispanic or Latino,"2,666,561",48.8,"White alone, not Hispanic or Latino","1,607,531",29.4,Hispanic or Latino,"1,344,855",46.1,"White alone, not Hispanic or Latino","933,352",32.0,Hispanic or Latino,"1,715,223",41.6,"White alone, not Hispanic or Latino","1,479,375",35.9,Hispanic or Latino,"1,574,173",39.9,"White alone, not Hispanic or Latino","1,474,117",37.4,"White alone, not Hispanic or Latino","3,180,696",45.7,Hispanic or Latino,"2,341,311",33.6,"White alone, not Hispanic or Latino","2,108,581",59.8,Hispanic or Latino,"844,447",24.0,"White alone, not Hispanic or Latino","259,110",65.9,Hispanic or Latino,"86,421",22.0,"White alone, not Hispanic or Latino","2,762",62.3,Hispanic or Latino,889,20.0
Utah,"White alone, not Hispanic or Latino","2,465,355",75.4,Hispanic or Latino,"492,912",15.1,"White alone, not Hispanic or Latino","166,152",69.3,Hispanic or Latino,"45,284",18.9,"White alone, not Hispanic or Latino","501,203",70.8,Hispanic or Latino,"131,018",18.5,"White alone, not Hispanic or Latino","272,526",71.5,Hispanic or Latino,"66,910",17.5,"White alone, not Hispanic or Latino","340,650",72.0,Hispanic or Latino,"78,203",16.5,"White alone, not Hispanic or Latino","340,458",75.9,Hispanic or Latino,"66,860",14.9,"White alone, not Hispanic or Latino","505,677",79.1,Hispanic or Latino,"81,127",12.7,"White alone, not Hispanic or Latino","302,716",88.4,Hispanic or Latino,"21,576",6.3,"White alone, not Hispanic or Latino","35,716",91.3,Hispanic or Latino,"1,897",4.8,"White alone, not Hispanic or Latino",257,75.4,Hispanic or Latino,37,10.9
Vermont,"White alone, not Hispanic or Latino","573,201",89.1,"Two or More Races, not Hispanic or Latino","29,549",4.6,"White alone, not Hispanic or Latino","23,694",83.0,"Two or More Races, not Hispanic or Latino","2,271",8.0,"White alone, not Hispanic or Latino","75,361",83.7,"Two or More Races, not Hispanic or Latino","7,020",7.8,"White alone, not Hispanic or Latino","51,111",84.4,"Two or More Races, not Hispanic or Latino","2,972",4.9,"White alone, not Hispanic or Latino","67,166",86.9,"Two or More Races, not Hispanic or Latino","3,615",4.7,"White alone, not Hispanic or Latino","66,545",88.0,"Two or More Races, not Hispanic or Latino","3,670",4.9,"White alone, not Hispanic or Latino","163,576",91.5,"Two or More Races, not Hispanic or Latino","6,988",3.9,"White alone, not Hispanic or Latino","112,159",95.0,"Two or More Races, not Hispanic or Latino","2,836",2.4,"White alone, not Hispanic or Latino","13,444",95.9,Hispanic or Latino,226,1.6,"White alone, not Hispanic or Latino",145,86.8,Hispanic or Latino,9,5.4
Virginia,"White alone, not Hispanic or Latino","5,058,363",58.6,"Black or African American alone, not Hispanic or Latino","1,578,090",18.3,"White alone, not Hispanic or Latino","232,140",48.2,"Black or African American alone, not Hispanic or Latino","87,597",18.2,"White alone, not Hispanic or Latino","689,244",49.1,"Black or African American alone, not Hispanic or Latino","265,653",18.9,"White alone, not Hispanic or Latino","438,794",52.3,"Black or African American alone, not Hispanic or Latino","166,667",19.9,"White alone, not Hispanic or Latino","637,595",54.8,"Black or African American alone, not Hispanic or Latino","219,615",18.9,"White alone, not Hispanic or Latino","616,160",55.3,"Black or African American alone, not Hispanic or Latino","203,577",18.3,"White alone, not Hispanic or Latino","1,411,348",63.2,"Black or African American alone, not Hispanic or Latino","415,813",18.6,"White alone, not Hispanic or Latino","916,001",73.6,"Black or African American alone, not Hispanic or Latino","198,180",15.9,"White alone, not Hispanic or Latino","115,763",78.1,"Black or African American alone, not Hispanic or Latino","20,676",13.9,"White alone, not Hispanic or Latino","1,318",72.0,"Black or African American alone, not Hispanic or Latino",312,17.0
Washington,"White alone, not Hispanic or Latino","4,918,820",63.8,Hispanic or Latino,"1,059,213",13.7,"White alone, not Hispanic or Latino","219,546",50.2,Hispanic or Latino,"94,721",21.7,"White alone, not Hispanic or Latino","640,770",51.5,Hispanic or Latino,"273,818",22.0,"White alone, not Hispanic or Latino","373,229",54.4,Hispanic or Latino,"134,985",19.7,"White alone, not Hispanic or Latino","662,321",58.4,Hispanic or Latino,"178,890",15.8,"White alone, not Hispanic or Latino","646,949",61.2,Hispanic or Latino,"152,734",14.4,"White alone, not Hispanic or Latino","1,340,357",70.8,Hispanic or Latino,"174,623",9.2,"White alone, not Hispanic or Latino","923,162",82.3,"Asian alone, not Hispanic or Latino","75,997",6.8,"White alone, not Hispanic or Latino","111,074",85.9,"Asian alone, not Hispanic or Latino","8,505",6.6,"White alone, not Hispanic or Latino","1,412",84.2,Hispanic or Latino,82,4.9
West Virginia,"White alone, not Hispanic or Latino","1,598,834",89.1,"Two or More Races, not Hispanic or Latino","72,135",4.0,"White alone, not Hispanic or Latino","74,843",83.9,"Two or More Races, not Hispanic or Latino","7,041",7.9,"White alone, not Hispanic or Latino","230,951",85.0,"Two or More Races, not Hispanic or Latino","18,995",7.0,"White alone, not Hispanic or Latino","133,854",85.5,"Two or More Races, not Hispanic or Latino","7,843",5.0,"White alone, not Hispanic or Latino","179,766",86.7,"Black or African American alone, not Hispanic or Latino","9,829",4.7,"White alone, not Hispanic or Latino","190,954",88.5,"Black or African American alone, not Hispanic or Latino","8,998",4.2,"White alone, not Hispanic or Latino","443,095",91.1,"Black or African American alone, not Hispanic or Latino","16,301",3.4,"White alone, not Hispanic or Latino","309,236",94.0,"Black or African American alone, not Hispanic or Latino","8,298",2.5,"White alone, not Hispanic or Latino","35,830",95.3,"Black or African American alone, not Hispanic or Latino",754,2.0,"White alone, not Hispanic or Latino",305,83.8,"Black or African American alone, not Hispanic or Latino",23,6.3
Wisconsin,"White alone, not Hispanic or Latino","4,634,018",78.6,Hispanic or Latino,"447,290",7.6,"White alone, not Hispanic or Latino","212,247",65.9,Hispanic or Latino,"40,811",12.7,"White alone, not Hispanic or Latino","647,545",67.5,Hispanic or Latino,"122,410",12.8,"White alone, not Hispanic or Latino","386,237",71.5,Hispanic or Latino,"57,620",10.7,"White alone, not Hispanic or Latino","546,237",73.7,Hispanic or Latino,"68,461",9.2,"White alone, not Hispanic or Latino","556,932",76.9,Hispanic or Latino,"63,037",8.7,"White alone, not Hispanic or Latino","1,310,427",84.7,"Black or African American alone, not Hispanic or Latino","80,734",5.2,"White alone, not Hispanic or Latino","854,578",91.6,"Black or African American alone, not Hispanic or Latino","31,040",3.3,"White alone, not Hispanic or Latino","118,428",94.5,"Black or African American alone, not Hispanic or Latino","2,775",2.2,"White alone, not Hispanic or Latino","1,387",90.1,"Black or African American alone, not Hispanic or Latino",48,3.1
Wyoming,"White alone, not Hispanic or Latino","469,664",81.4,Hispanic or Latino,"59,046",10.2,"White alone, not Hispanic or Latino","24,743",72.9,Hispanic or Latino,"5,337",15.7,"White alone, not Hispanic or Latino","74,880",73.7,Hispanic or Latino,"15,556",15.3,"White alone, not Hispanic or Latino","38,602",76.0,Hispanic or Latino,"6,863",13.5,"White alone, not Hispanic or Latino","57,431",78.8,Hispanic or Latino,"8,554",11.7,"White alone, not Hispanic or Latino","59,997",81.1,Hispanic or Latino,"7,881",10.7,"White alone, not Hispanic or Latino","121,289",85.5,Hispanic or Latino,"10,244",7.2,"White alone, not Hispanic or Latino","83,715",90.9,Hispanic or Latino,"4,167",4.5,"White alone, not Hispanic or Latino","8,910",92.1,Hispanic or Latino,428,4.4,"White alone, not Hispanic or Latino",97,77.0,Hispanic or Latino,16,12.7
